id,name,address,whatsapp,phone,description,website,partner_type,status,created_at,updated_at,url_google_map
20,El Escaparate,"Montevideo 209. Plaza España, Mendoza, Argentina","","","Un escaparate es un espacio visible  pensado para mostrar productos de manera atractiva y captar la atención de quienes pasan frente a él. Su diseño combina estética, estrategia y comunicación visual.

Su propósito es exhibir artículos de forma llamativa para atraer potenciales compradores, generar interés y aumentar las ventas.

Más allá de su función comercial, un buen escaparate transmite sensaciones, comunica la esencia de la marca y deja una impresión duradera en la mente del público. En tiempos de fuerte competencia, especialmente frente al comercio electrónico, su valor es más alto que nunca: permite destacar productos nuevos, lanzar promociones y reforzar la imagen del negocio.

La palabra “escaparate” proviene del neerlandés schaprade, que originalmente significaba “armario”. Con el tiempo, el término evolucionó hasta referirse al espacio donde se exhiben productos al público.
Acá en Argentina la historia y la evolución de los canillitas es hermosa, por eso no hemos modificado el ""kiosco de diarios y revistas"" simplemente queremos prolongar su vida actualizándolo y dandole una vueltita de rosca para que la tecnología y los medios digitales no lo deje en el pasado.
","",PET_FRIENDLY,ACTIVE,2025-08-26 16:03:19.742,2025-08-26 16:03:19.742,
21,HAKUNA MATATA Pet Shop,"Beltrán 1910, M5501 Godoy Cruz, Mendoza",02613382462,02613382462,"Venta de alimento balanceado de primeras marcas para tu MASCOTA, productos de Higiene y Belleza, Comederos, Collares, Correas, Juguetes y mucho mas!!","",PET_SHOP,ACTIVE,2025-08-27 18:55:40.424,2025-08-27 18:55:40.424,"https://www.google.com/maps/place/HAKUNA+MATATA+Pet+Shop/@-32.904758,-68.8565637,1132m/data=!3m1!1e3!4m12!1m5!3m4!2zMzLCsDU0JzE2LjYiUyA2OMKwNTEnMjguNSJX!8m2!3d-32.9046025!4d-68.8579026!3m5!1s0x1b1f2a3d75b0dc5:0xc6bcfba6fa0370f2!8m2!3d-32.904599!4d-68.8519052!16s%2Fg%2F11b7hj84bk?entry=ttu&g_ep=EgoyMDI1MDgyNC4wIKXMDSoASAFQAw%3D%3D
"
